{
  "balance": 910.698782268081,
  "open_trade": {
    "side": "SHORT",
    "entry": 69139.1,
    "amount": 910.698782268081,
    "stop": 69381.09,
    "lowest_price": 69139.1,
    "status": "open"
  },
  "secondary_trade": {
    "side": "LONG",
    "entry": 70539.48,
    "stop": 70116.24312,
    "highest_price": 70539.48,
    "status": "open"
  }
}