{
  "balance": 969.6214172982947,
  "open_trade": null,
  "secondary_trade": {
    "side": "LONG",
    "entry": 70539.48,
    "stop": 70116.24312,
    "highest_price": 70539.48,
    "status": "open"
  }
}